PLAYER_ID,PLAYER_NAME,TEAM_ABBREVIATION,AGE,GP,MIN,PTS,FGM,FGA,FG_PCT,FG3M,FG3A,FG3_PCT,FTM,FTA,FT_PCT,OREB,DREB,REB,AST,STL,BLK,TOV,OFF_RATING,DEF_RATING,NET_RATING,AST_PCT,AST_TO,AST_RATIO,OREB_PCT,DREB_PCT,REB_PCT,EFG_PCT,TS_PCT,USG_PCT,PACE,PIE,player_norm,player_full_name,team_abbrev,old_salary,old_salary_year,signed_as,projected_new_salary
1628932,A'ja Wilson,LVA,28.0,38,34.4,26.9,10.1,19.6,0.518,0.5,1.6,0.317,6.1,7.2,0.844,2.1,9.8,11.9,2.3,1.8,2.6,1.3,105.3,99.0,6.3,0.14,1.83,8.8,0.062,0.27,0.17,0.531,0.591,0.31,98.51,0.234,a'ja wilson,A'ja Wilson,LVA,200000.0,2025,RFA,6227879.0
1642290,Aaliyah Edwards,WAS,22.0,34,21.8,7.6,3.0,6.2,0.49,0.0,0.2,0.0,1.5,2.4,0.65,1.4,4.2,5.6,1.4,0.7,0.8,1.5,94.3,101.7,-7.4,0.113,0.96,14.0,0.066,0.205,0.134,0.49,0.526,0.175,97.96,0.1,aaliyah edwards,Aaliyah Edwards,CON,74909.0,2025,Rookie,296380.0
1630462,Aari McDonald,LAS,26.0,26,21.8,8.7,3.0,7.3,0.403,1.1,3.5,0.319,1.7,2.0,0.843,0.5,1.5,2.0,3.7,0.9,0.2,1.8,101.0,106.8,-5.8,0.295,2.0,26.8,0.022,0.074,0.047,0.479,0.529,0.202,97.03,0.087,aari mcdonald,Aari McDonald,LAS,89302.0,2024,Rookie,337738.0
1627672,Aerial Powers,ATL,31.0,17,17.9,8.6,2.9,8.1,0.355,0.8,2.1,0.389,2.0,2.5,0.791,0.9,2.4,3.3,1.4,0.9,0.2,1.1,91.1,100.5,-9.4,0.161,1.33,12.1,0.046,0.131,0.087,0.406,0.465,0.24,99.89,0.09,aerial powers,Aerial Powers,MIN,201984.0,2023,UFA,860288.0
1629501,Alanna Smith,MIN,28.0,39,26.5,10.1,3.8,8.0,0.471,1.2,3.0,0.398,1.4,1.8,0.75,1.6,4.1,5.6,3.2,1.4,1.5,1.9,104.0,91.6,12.5,0.195,1.63,22.9,0.062,0.143,0.105,0.546,0.575,0.182,95.87,0.117,alanna smith,Alanna Smith,MIN,150000.0,2025,UFA,653189.0
1642293,Alissa Pili,MIN,24.0,22,6.3,2.4,0.9,2.0,0.422,0.4,1.2,0.333,0.3,0.5,0.545,0.3,1.0,1.2,0.2,0.2,0.1,0.9,86.7,100.0,-13.3,0.068,0.26,6.8,0.046,0.164,0.105,0.522,0.532,0.211,98.08,0.02,alissa pili,Alissa Pili,MIN,37769.0,2025,,278213.0
1641648,Aliyah Boston,IND,23.0,40,30.9,14.0,5.9,11.2,0.529,0.2,0.7,0.269,2.0,2.8,0.736,2.8,6.1,8.9,3.2,0.9,1.2,2.0,104.7,106.4,-1.8,0.169,1.59,18.0,0.092,0.191,0.143,0.537,0.566,0.199,98.28,0.132,aliyah boston,Aliyah Boston,IND,83371.0,2025,,463372.0
1628277,Allisha Gray,ATL,30.0,40,33.2,15.6,5.1,12.7,0.403,1.7,5.1,0.342,3.6,4.7,0.769,1.1,3.3,4.4,2.7,1.1,0.7,1.7,97.8,98.9,-1.1,0.147,1.6,14.1,0.032,0.099,0.065,0.471,0.526,0.214,94.83,0.102,allisha gray,Allisha Gray,ATL,190000.0,2025,RFA,5476732.0
202252,Alysha Clark,LVA,37.0,40,24.3,6.0,2.1,4.8,0.443,1.2,3.2,0.373,0.6,0.7,0.821,0.5,3.1,3.6,1.8,0.8,0.3,1.4,105.5,96.7,8.8,0.106,1.27,21.2,0.022,0.121,0.074,0.565,0.587,0.119,98.47,0.06,alysha clark,Alysha Clark,WAS,190908.0,2025,UFA,816535.0
203826,Alyssa Thomas,CON,33.0,40,32.4,10.6,4.2,8.2,0.509,0.0,0.1,0.0,2.3,3.6,0.628,2.5,6.0,8.4,7.9,1.6,0.5,3.6,102.1,94.7,7.3,0.403,2.19,37.3,0.077,0.205,0.138,0.509,0.543,0.182,93.74,0.161,alyssa thomas,Alyssa Thomas,CON,218000.0,2024,UFA,923244.0
1631056,Amy Atwell,PHO,27.0,6,9.9,2.5,0.7,2.5,0.267,0.5,2.2,0.231,0.7,0.8,0.8,0.5,0.5,1.0,1.0,0.0,0.2,0.3,94.0,119.7,-25.7,0.176,3.0,24.0,0.057,0.038,0.046,0.367,0.436,0.143,94.08,0.046,amy atwell,Amy Atwell,PHX,66079.0,2025,Reserved,281106.0
1642291,Angel Reese,CHI,23.0,34,32.5,13.6,4.8,12.3,0.391,0.1,0.5,0.188,3.9,5.2,0.736,5.1,8.1,13.1,1.9,1.3,0.5,2.2,99.7,99.0,0.8,0.092,0.84,9.9,0.144,0.251,0.195,0.395,0.464,0.215,96.43,0.124,angel reese,Angel Reese,CHI,74909.0,2025,Rookie,296380.0
1628878,Ariel Atkins,WAS,28.0,40,29.9,14.9,5.4,12.4,0.437,2.0,5.5,0.357,2.1,2.5,0.848,0.9,2.5,3.4,3.1,1.5,0.4,2.3,97.4,100.7,-3.3,0.191,1.35,16.5,0.03,0.087,0.058,0.516,0.552,0.228,97.72,0.105,ariel atkins,Ariel Atkins,CHI,200000.0,2025,,886642.0
1629481,Arike Ogunbowale,DAL,28.0,38,38.6,22.2,7.3,19.2,0.383,2.9,8.5,0.346,4.6,5.0,0.921,0.8,3.8,4.6,5.1,2.1,0.3,2.7,103.5,111.6,-8.1,0.221,1.89,17.6,0.019,0.102,0.059,0.46,0.52,0.259,98.03,0.114,arike ogunbowale,Arike Ogunbowale,DAL,249032.0,2025,,1155951.0
203838,Astou Ndour-Fall,CON,30.0,22,4.2,1.1,0.4,1.2,0.346,0.1,0.5,0.2,0.2,0.3,0.833,0.1,0.7,0.8,0.0,0.0,0.2,0.1,77.8,102.2,-24.4,0.027,0.33,3.0,0.021,0.178,0.097,0.385,0.436,0.15,96.12,0.066,astou ndour-fall,Astou Ndour-Fall,CON,125000.0,2024,UFA,551762.0
1628922,Azurá Stevens,LAS,29.0,20,24.7,9.6,3.6,8.9,0.399,1.4,4.0,0.35,1.1,1.4,0.815,1.0,6.0,7.0,1.9,0.9,0.9,1.8,95.4,107.3,-12.0,0.132,1.06,14.5,0.04,0.252,0.144,0.478,0.506,0.197,96.87,0.113,azura stevens,Azurá Stevens,LAS,195000.0,2025,UFA,832721.0
204335,Betnijah Laney-Hamilton,NYL,31.0,28,30.3,11.8,4.3,9.4,0.456,1.5,3.6,0.402,1.7,1.9,0.906,1.1,3.1,4.2,3.3,1.1,0.0,2.4,110.2,94.1,16.1,0.166,1.41,20.9,0.036,0.1,0.069,0.534,0.575,0.18,96.9,0.092,betnijah laney-hamilton,Betnijah Laney-Hamilton,NYL,185400.0,2025,UFA,794706.0
1627668,Breanna Stewart,NYL,30.0,38,32.7,20.4,7.0,15.2,0.458,1.2,4.1,0.295,5.3,6.3,0.845,1.6,6.9,8.5,3.5,1.7,1.3,1.7,108.2,95.6,12.5,0.189,2.06,15.2,0.049,0.203,0.128,0.498,0.569,0.261,96.78,0.178,breanna stewart,Breanna Stewart,SEA,228094.0,2022,UFA,962743.0
1629488,Brianna Turner,CHI,28.0,27,9.4,1.2,0.6,1.0,0.615,0.0,0.0,0.0,0.0,0.1,0.5,0.4,1.6,2.0,0.4,0.3,0.5,0.4,84.4,104.5,-20.2,0.065,0.83,20.4,0.041,0.164,0.101,0.615,0.614,0.068,96.31,0.069,brianna turner,Brianna Turner,CHI,150000.0,2024,,626056.0
1629524,Bridget Carleton,MIN,28.0,39,29.9,9.6,3.2,7.3,0.444,2.3,5.3,0.444,0.8,1.0,0.789,0.9,2.8,3.8,2.2,1.0,0.3,1.0,104.0,93.1,10.9,0.116,2.18,20.4,0.034,0.089,0.063,0.604,0.62,0.132,94.74,0.089,bridget carleton,Bridget Carleton,MIN,125000.0,2025,UFA,551762.0
1628280,Brionna Jones,CON,29.0,40,27.2,13.7,5.5,10.2,0.538,0.1,0.4,0.143,2.7,3.6,0.738,2.2,3.4,5.5,1.5,1.2,0.6,1.3,104.6,92.3,12.3,0.099,1.18,10.3,0.081,0.136,0.108,0.54,0.581,0.215,93.65,0.132,brionna jones,Brionna Jones,ATL,214466.0,2025,UFA,909383.0
203398,Brittney Griner,PHO,34.0,30,28.7,17.8,7.3,12.6,0.579,0.3,0.6,0.5,2.9,3.7,0.777,1.8,4.8,6.6,2.3,0.5,1.5,1.8,103.5,103.2,0.4,0.159,1.3,12.7,0.07,0.156,0.117,0.591,0.625,0.252,96.35,0.17,brittney griner,Brittney Griner,PHX,227900.0,2022,,1038374.0
1628279,Brittney Sykes,WAS,31.0,18,23.3,12.2,4.5,11.1,0.405,0.9,3.3,0.271,2.3,3.1,0.75,0.6,3.4,4.1,3.1,0.9,0.4,2.2,97.1,96.1,0.9,0.241,1.38,17.2,0.028,0.147,0.089,0.445,0.49,0.278,98.33,0.121,brittney sykes,Brittney Sykes,SEA,195000.0,2025,UFA,832721.0
1641698,Caitlin Bickle,CON,25.0,8,1.8,0.0,0.0,0.4,0.0,0.0,0.4,0.0,0.0,0.0,0.0,0.0,0.0,0.0,0.0,0.0,0.0,0.0,50.0,82.8,-32.8,0.0,0.0,0.0,0.0,0.0,0.0,0.0,0.0,0.111,90.57,-0.2,caitlin bickle,Caitlin Bickle,CON,66079.0,2025,Reserved,281106.0
1642286,Caitlin Clark,IND,23.0,40,35.4,19.2,6.1,14.5,0.417,3.1,8.9,0.344,4.1,4.5,0.906,0.4,5.3,5.7,8.4,1.3,0.7,5.6,104.2,106.6,-2.4,0.383,1.51,27.9,0.01,0.146,0.08,0.522,0.583,0.262,98.74,0.135,caitlin clark,Caitlin Clark,IND,78066.0,2025,,434723.0
1642287,Cameron Brink,LAS,23.0,15,22.0,7.5,2.7,6.9,0.398,0.7,2.1,0.323,1.4,1.7,0.84,1.2,4.1,5.3,1.7,1.1,2.3,2.3,92.9,102.2,-9.3,0.141,0.74,14.5,0.056,0.179,0.12,0.447,0.496,0.196,97.31,0.08,cameron brink,Cameron Brink,LAS,78066.0,2025,,434723.0
1628508,Cecilia Zandalasini,MIN,29.0,40,12.2,4.6,1.7,3.7,0.453,0.8,1.8,0.443,0.5,0.7,0.621,0.1,1.0,1.2,1.1,0.4,0.2,0.8,98.3,97.8,0.5,0.151,1.39,18.4,0.011,0.086,0.049,0.557,0.569,0.172,96.72,0.069,cecilia zandalasini,Cecilia Zandalasini,GSV,100000.0,2025,SuspCE,602307.0
1642298,Celeste Taylor,PHO,24.0,22,14.9,2.6,1.0,2.8,0.339,0.3,1.4,0.2,0.5,0.8,0.556,0.3,1.0,1.3,1.3,0.7,0.5,1.0,102.7,98.0,4.7,0.128,1.27,23.3,0.02,0.063,0.043,0.387,0.415,0.126,96.69,0.034,celeste taylor,Celeste Taylor,PHX,66079.0,2025,Reserved,281106.0
1642294,Charisma Osborne,PHO,23.0,2,5.0,1.0,0.5,1.0,0.5,0.0,0.0,0.0,0.0,0.0,0.0,0.0,0.5,0.5,0.5,0.0,0.0,1.0,84.2,73.7,10.5,0.2,0.5,20.0,0.0,0.083,0.04,0.5,0.5,0.16,91.35,0.0,charisma osborne,Charisma Osborne,PHX,65438.0,2025,Rookie,268051.0
203833,Chelsea Gray,LVA,32.0,27,26.0,8.6,3.1,7.6,0.408,1.0,2.9,0.338,1.4,1.8,0.813,0.2,2.7,2.9,4.9,1.3,0.7,2.4,103.8,93.2,10.6,0.289,2.06,31.4,0.008,0.098,0.056,0.471,0.513,0.186,98.32,0.102,chelsea gray,Chelsea Gray,LVA,196267.0,2025,UFA,837727.0
1630150,Chennedy Carter,CHI,26.0,33,26.0,17.5,7.2,14.8,0.487,0.3,0.9,0.29,2.8,3.8,0.73,0.7,2.9,3.5,3.1,1.1,0.2,1.7,100.8,100.3,0.5,0.226,1.85,14.6,0.023,0.108,0.064,0.496,0.53,0.284,98.17,0.13,chennedy carter,Chennedy Carter,LAS,86701.0,2023,,481328.0
204323,Cheyenne Parker-Tyus,ATL,32.0,25,19.7,9.2,3.3,7.5,0.444,0.1,0.6,0.214,2.5,2.8,0.899,1.2,3.6,4.8,1.5,0.8,0.4,2.1,89.4,99.3,-9.9,0.147,0.71,12.1,0.062,0.176,0.12,0.452,0.531,0.231,100.62,0.111,cheyenne parker-tyus,Cheyenne Parker-Tyus,ATL,200000.0,2024,UFA,852464.0
202664,Courtney Vandersloot,NYL,36.0,31,22.3,6.4,2.6,5.9,0.445,0.6,2.2,0.269,0.5,1.0,0.548,0.4,2.2,2.6,4.8,0.8,0.5,1.8,103.1,91.6,11.5,0.331,2.66,37.2,0.019,0.093,0.057,0.495,0.503,0.158,97.41,0.096,courtney vandersloot,Courtney Vandersloot,CHI,200000.0,2021,,886642.0
1627675,Courtney Williams,MIN,31.0,40,26.5,11.1,4.9,11.0,0.443,0.6,1.7,0.333,0.9,1.1,0.81,0.4,4.3,4.7,5.5,0.9,0.4,2.5,102.6,90.2,12.4,0.362,2.26,28.5,0.014,0.152,0.087,0.469,0.487,0.233,95.71,0.132,courtney williams,Courtney Williams,ATL,190550.0,2021,,836218.0
1630101,Crystal Dangerfield,LAS,27.0,33,13.3,3.2,1.1,4.0,0.282,0.5,1.9,0.274,0.5,0.5,0.882,0.1,1.0,1.0,1.9,0.3,0.2,0.8,88.4,100.7,-12.3,0.255,2.38,27.3,0.004,0.074,0.037,0.347,0.383,0.156,99.55,0.05,crystal dangerfield,Crystal Dangerfield,DAL,80000.0,2023,Reserved,318496.0
203024,Damiris Dantas,IND,32.0,20,10.5,4.5,1.7,3.7,0.459,0.7,1.7,0.394,0.4,0.6,0.667,0.2,2.0,2.2,0.6,0.3,0.3,0.6,104.0,100.5,3.6,0.086,1.0,11.5,0.021,0.181,0.105,0.547,0.561,0.186,101.52,0.095,damiris dantas,Damiris Dantas,MIN,129150.0,2022,,522382.0
1630389,Dana Evans,CHI,26.0,39,19.1,7.2,2.4,6.5,0.377,1.1,2.8,0.376,1.2,1.3,0.96,0.1,1.0,1.1,2.4,0.7,0.1,1.4,90.4,106.8,-16.5,0.227,1.77,22.3,0.006,0.055,0.029,0.458,0.509,0.188,96.83,0.074,dana evans,Dana Evans,LVA,89000.0,2025,RFA,818889.0
201886,DeWanna Bonner,CON,37.0,40,31.8,15.0,5.3,12.8,0.415,1.5,4.9,0.294,3.0,3.6,0.832,0.6,5.4,6.0,2.0,1.2,0.7,1.4,102.3,92.5,9.8,0.111,1.43,11.4,0.018,0.182,0.098,0.472,0.524,0.217,93.88,0.131,dewanna bonner,DeWanna Bonner,CON,234350.0,2023,,1074029.0
204324,Dearica Hamby,LAS,31.0,40,33.7,17.3,6.7,13.1,0.512,0.8,2.2,0.341,3.1,5.0,0.631,1.5,7.7,9.2,3.5,1.7,0.2,3.0,96.4,105.9,-9.6,0.206,1.18,16.1,0.045,0.239,0.14,0.541,0.566,0.234,97.33,0.149,dearica hamby,Dearica Hamby,LAS,202000.0,2025,,897379.0
1631089,Destanni Henderson,ATL,26.0,6,17.5,4.0,1.7,4.8,0.345,0.2,1.7,0.1,0.5,1.2,0.429,0.0,2.0,2.0,2.5,0.3,0.2,1.7,93.9,98.6,-4.7,0.214,1.5,26.3,0.0,0.109,0.054,0.362,0.374,0.165,99.39,0.042,destanni henderson,Destanni Henderson,IND,80823.0,2025,Rookie,313601.0
1630459,DiDi Richards,WAS,26.0,20,9.9,2.3,1.0,2.5,0.4,0.0,0.2,0.0,0.3,0.7,0.429,0.5,1.0,1.5,0.7,0.1,0.2,0.4,85.0,105.9,-21.0,0.12,1.86,16.9,0.049,0.106,0.075,0.4,0.41,0.138,100.39,0.044,didi richards,DiDi Richards,NYL,69053.0,2023,Rookie,278981.0
1630096,DiJonai Carrington,CON,27.0,39,29.6,12.7,4.4,11.0,0.403,0.7,2.7,0.25,3.2,4.0,0.79,1.4,3.7,5.0,1.6,1.6,0.4,1.9,99.4,94.7,4.7,0.093,0.82,9.6,0.046,0.137,0.089,0.434,0.498,0.217,94.46,0.092,dijonai carrington,DiJonai Carrington,MIN,200000.0,2025,RFA,6227879.0
1628890,Diamond DeShields,CHI,30.0,32,13.8,4.5,1.8,5.0,0.348,0.3,1.6,0.173,0.7,1.1,0.611,0.2,1.2,1.4,1.3,0.6,0.3,0.9,89.8,103.8,-14.0,0.178,1.48,17.3,0.015,0.094,0.052,0.376,0.404,0.194,97.79,0.038,diamond deshields,Diamond DeShields,DAL,154500.0,2023,RFA,3261700.0
1641649,Diamond Miller,MIN,24.0,21,10.1,2.9,1.0,3.3,0.304,0.2,1.2,0.192,0.7,1.1,0.583,0.4,1.3,1.8,0.6,0.3,0.0,0.9,81.7,93.9,-12.2,0.119,0.68,11.6,0.039,0.129,0.083,0.341,0.383,0.201,99.21,0.023,diamond miller,Diamond Miller,DAL,83371.0,2025,,463372.0
100940,Diana Taurasi,PHO,43.0,36,29.0,14.9,4.8,11.9,0.4,2.4,7.2,0.333,3.0,3.5,0.857,0.4,3.4,3.8,3.4,0.6,0.3,1.9,100.8,102.0,-1.2,0.2,1.79,18.3,0.013,0.111,0.064,0.5,0.554,0.228,98.82,0.103,diana taurasi,Diana Taurasi,PHX,234936.0,2024,UFA,989443.0
1641657,Dorka Juhász,MIN,25.0,34,16.1,4.8,2.0,4.2,0.479,0.3,1.0,0.324,0.4,0.6,0.65,0.9,2.9,3.8,1.1,0.4,0.4,0.6,99.3,93.3,6.0,0.107,1.71,17.3,0.059,0.175,0.117,0.517,0.53,0.136,96.6,0.107,dorka juhasz,Dorka Juhasz,MIN,73258.0,2025,,279929.0
1641675,Dulcy Fankam Mendjiadeu,SEA,25.0,7,5.2,0.9,0.3,0.4,0.667,0.0,0.0,0.0,0.3,0.9,0.333,0.6,0.7,1.3,0.1,0.0,0.0,0.4,94.9,103.6,-8.7,0.04,0.33,11.1,0.095,0.147,0.118,0.667,0.532,0.088,106.18,0.009,dulcy fankam mendjiadeu,Dulcy Fankam Mendjiadeu,SEA,73258.0,2025,,279929.0
1642300,Dyaisha Fair,LVA,23.0,1,3.9,0.0,0.0,2.0,0.0,0.0,1.0,0.0,0.0,0.0,0.0,0.0,0.0,0.0,2.0,0.0,0.0,0.0,122.2,175.0,-52.8,0.667,0.0,50.0,0.0,0.0,0.0,0.0,0.0,0.182,103.73,0.0,dyaisha fair,Dyaisha Fair,LVA,68595.0,2025,Rookie,277604.0
204322,Elizabeth Williams,CHI,32.0,9,27.7,10.0,4.1,8.4,0.487,0.0,0.0,0.0,1.8,2.7,0.667,2.8,4.2,7.0,1.6,1.7,1.7,1.7,96.7,94.7,2.0,0.097,0.93,12.1,0.089,0.155,0.12,0.487,0.52,0.166,98.12,0.129,elizabeth williams,Elizabeth Williams,ATL,119000.0,2021,,654546.0
1631083,Emily Engstler,WAS,25.0,32,14.5,6.2,2.4,4.8,0.494,0.8,1.8,0.474,0.6,0.7,0.818,1.4,2.6,4.0,1.5,0.6,0.8,0.7,97.0,96.7,0.3,0.186,2.14,20.3,0.095,0.185,0.14,0.581,0.602,0.173,97.57,0.15,emily engstler,Emily Engstler,IND,91981.0,2025,,509758.0
1628242,Emma Cannon,LVA,36.0,5,1.8,0.8,0.4,0.6,0.667,0.0,0.2,0.0,0.0,0.0,0.0,0.0,0.4,0.4,0.2,0.0,0.0,0.2,152.6,130.0,22.6,0.143,1.0,20.0,0.0,0.333,0.167,0.667,0.667,0.182,101.23,0.093,emma cannon,Emma Cannon,IND,82400.0,2023,UFA,375182.0
204365,Erica Wheeler,IND,34.0,39,14.0,3.6,1.5,3.6,0.411,0.4,1.3,0.288,0.3,0.3,0.846,0.2,1.2,1.4,1.8,0.4,0.1,0.9,96.9,101.0,-4.1,0.209,1.97,27.5,0.013,0.082,0.049,0.465,0.484,0.145,98.12,0.065,erica wheeler,Erica Wheeler,IND,202154.0,2024,UFA,860958.0
1629496,Ezi Magbegor,SEA,25.0,37,30.7,11.7,4.6,9.1,0.512,0.4,1.4,0.245,2.1,2.4,0.874,2.2,5.8,8.0,2.0,1.1,2.2,1.4,102.4,94.8,7.6,0.105,1.4,14.8,0.07,0.186,0.127,0.531,0.578,0.16,98.46,0.129,ezi magbegor,Ezi Magbegor,SEA,186000.0,2025,Reserved,552656.0
1642534,Ezinne Kalu,ATL,33.0,1,12.7,3.0,1.0,3.0,0.333,0.0,1.0,0.0,1.0,1.0,1.0,0.0,1.0,1.0,0.0,1.0,0.0,0.0,66.7,95.8,-29.2,0.0,0.0,0.0,0.0,0.1,0.05,0.333,0.436,0.107,90.68,-0.056,ezinne kalu,Ezinne Kalu,ATL,1270.0,2024,Hardship,269587.0
1628931,Gabby Williams,SEA,28.0,12,29.2,10.3,4.2,8.7,0.481,0.8,2.6,0.323,1.2,1.6,0.737,0.8,3.3,4.0,3.7,1.7,0.3,1.4,102.4,100.3,2.1,0.196,2.59,25.4,0.026,0.116,0.07,0.529,0.552,0.163,96.07,0.106,gabby williams,Gabby Williams,SEA,225000.0,2025,Core,1204168.0
1641658,Grace Berger,IND,26.0,11,9.3,2.8,0.9,2.3,0.4,0.2,0.5,0.4,0.8,1.3,0.643,0.4,1.0,1.4,0.6,0.5,0.0,0.9,100.0,108.2,-8.2,0.127,0.7,14.6,0.047,0.102,0.078,0.44,0.497,0.175,98.33,0.041,grace berger,Grace Berger,MIN,79999.0,2025,,445168.0
1641650,Haley Jones,ATL,24.0,40,17.8,3.9,1.5,3.7,0.397,0.2,0.7,0.214,0.8,1.2,0.702,0.3,2.0,2.2,2.1,0.4,0.3,1.7,91.2,98.0,-6.8,0.196,1.24,26.4,0.014,0.107,0.06,0.418,0.465,0.142,97.34,0.041,haley jones,Haley Jones,ATL,79999.0,2025,,445168.0
204330,Isabelle Harrison,CHI,31.0,36,16.3,6.5,2.6,6.6,0.399,0.1,0.5,0.167,1.1,1.4,0.82,1.1,2.9,3.9,0.8,0.6,0.3,1.1,91.2,104.8,-13.6,0.084,0.69,8.3,0.063,0.182,0.12,0.405,0.45,0.217,98.2,0.09,isabelle harrison,Isabelle Harrison,CHI,160000.0,2024,UFA,693395.0
1641602,Ivana Dojkić,NYL,27.0,26,9.9,3.3,1.0,2.8,0.338,0.6,1.6,0.381,0.8,1.0,0.778,0.3,0.5,0.8,0.8,0.3,0.0,0.5,101.8,98.7,3.1,0.121,1.43,16.5,0.038,0.055,0.046,0.446,0.507,0.169,101.46,0.042,ivana dojkic,Ivana Dojkić,NYL,64154.0,2024,UFA,297599.0
1629498,Jackie Young,LVA,27.0,37,32.6,15.8,5.4,12.6,0.43,1.9,5.6,0.337,3.0,3.5,0.867,0.7,3.6,4.4,5.3,1.0,0.2,2.1,105.1,99.2,5.9,0.271,2.53,24.8,0.022,0.108,0.067,0.505,0.557,0.22,98.2,0.116,jackie young,Jackie Young,LVA,169950.0,2025,,728138.0
1642292,Jacy Sheldon,DAL,24.0,40,23.3,5.4,2.0,5.3,0.386,0.8,2.4,0.309,0.6,0.7,0.926,0.7,1.4,2.1,2.5,0.6,0.3,1.6,99.7,112.2,-12.5,0.156,1.57,25.8,0.028,0.063,0.045,0.457,0.489,0.128,99.06,0.035,jacy sheldon,Jacy Sheldon,WAS,74909.0,2025,Rookie,296380.0
1631141,Jade Melbourne,WAS,22.0,37,14.2,5.4,1.9,4.5,0.434,0.5,1.5,0.357,0.9,1.3,0.714,0.4,1.1,1.5,1.6,0.6,0.1,1.7,93.9,94.1,-0.2,0.199,0.95,19.2,0.025,0.079,0.053,0.494,0.53,0.202,98.93,0.069,jade melbourne,Jade Melbourne,WAS,66710.0,2025,,279686.0
1642240,Jaelyn Brown,DAL,26.0,14,10.1,2.6,1.1,2.2,0.484,0.4,0.9,0.5,0.1,0.2,0.333,0.5,1.0,1.5,0.4,0.3,0.3,0.9,92.0,116.4,-24.4,0.07,0.5,12.0,0.041,0.099,0.067,0.581,0.572,0.123,102.07,0.043,jaelyn brown,Jaelyn Brown,IND,66079.0,2025,Reserved,281106.0
1642309,Jakia Brown-Turner,WAS,24.0,2,4.0,1.0,0.0,0.5,0.0,0.0,0.0,0.0,1.0,1.0,1.0,0.0,0.5,0.5,0.0,0.5,0.0,0.0,76.5,118.8,-42.3,0.0,0.0,0.0,0.0,0.167,0.067,0.0,0.532,0.095,99.35,0.125,jakia brown-turner,Jakia Brown-Turner,WAS,64154.0,2024,UDFA,279584.0
1642320,Jaylyn Sherrod,NYL,23.0,10,3.7,1.9,0.7,1.4,0.5,0.2,0.6,0.333,0.3,0.6,0.5,0.2,0.1,0.3,0.5,0.3,0.1,0.2,100.0,84.9,15.1,0.25,2.5,20.8,0.048,0.032,0.041,0.571,0.571,0.211,95.51,0.133,jaylyn sherrod,Jaylyn Sherrod,NYL,66079.0,2025,Reserved,281106.0
1642305,Jessika Carter,LVA,25.0,2,2.2,0.0,0.0,0.5,0.0,0.0,0.0,0.0,0.0,1.0,0.0,0.0,0.0,0.0,0.0,0.0,0.0,0.0,40.0,130.0,-90.0,0.0,0.0,0.0,0.0,0.0,0.0,0.0,0.0,0.2,111.54,-0.222,jessika carter,Jessika Carter,NYL,68595.0,2025,Rookie,277604.0
204319,Jewell Loyd,SEA,31.0,37,33.7,19.7,6.1,16.8,0.36,1.6,5.8,0.274,6.0,6.8,0.881,0.7,3.8,4.5,3.6,1.4,0.2,2.3,102.7,94.9,7.8,0.181,1.59,14.3,0.02,0.108,0.065,0.408,0.497,0.278,98.15,0.116,jewell loyd,Jewell Loyd,LVA,249032.0,2025,Core,1217974.0
1627673,Jonquel Jones,NYL,31.0,39,29.9,14.2,5.3,9.8,0.538,1.5,3.9,0.388,2.1,2.7,0.788,1.7,7.3,9.0,3.2,0.8,1.3,2.4,107.8,94.4,13.4,0.18,1.37,19.5,0.06,0.237,0.151,0.615,0.645,0.194,96.11,0.156,jonquel jones,Jonquel Jones,NYL,211150.0,2023,Core,1195605.0
1641651,Jordan Horston,SEA,24.0,39,22.3,6.8,2.8,5.8,0.493,0.3,1.3,0.25,0.8,1.1,0.721,1.2,3.1,4.3,1.8,1.3,0.7,1.7,100.0,98.3,1.7,0.125,1.05,18.2,0.053,0.136,0.095,0.522,0.545,0.15,98.89,0.093,jordan horston,Jordan Horston,SEA,76630.0,2025,,426958.0
1628886,Jordin Canada,ATL,29.0,20,31.2,10.6,3.5,8.9,0.39,0.8,2.9,0.281,2.9,3.7,0.781,0.6,2.9,3.5,5.8,1.6,0.3,2.1,100.7,99.7,1.0,0.312,2.76,31.5,0.018,0.099,0.056,0.435,0.504,0.176,93.24,0.105,jordin canada,Jordin Canada,ATL,190000.0,2025,UFA,812939.0
1630115,Joyner Holmes,SEA,27.0,27,8.5,2.9,1.2,2.9,0.423,0.2,1.1,0.194,0.3,0.4,0.636,0.5,1.3,1.8,0.9,0.2,0.2,0.8,92.8,102.7,-9.9,0.181,1.19,19.4,0.055,0.146,0.099,0.462,0.477,0.182,101.22,0.071,joyner holmes,Joyner Holmes,DAL,78831.0,2025,UFA,360117.0
1642210,Julie Vanloo,WAS,32.0,40,23.2,7.4,2.7,7.7,0.346,1.8,5.6,0.324,0.3,0.4,0.667,0.1,1.5,1.6,4.3,0.5,0.0,2.6,98.8,103.4,-4.6,0.295,1.7,29.4,0.005,0.071,0.037,0.464,0.47,0.195,97.72,0.049,julie vanloo,Julie Vanloo,LAS,66079.0,2025,Rookie,270000.0
1628273,Kaela Davis,CHI,30.0,4,12.9,3.0,1.0,3.0,0.333,0.5,0.5,1.0,0.5,1.0,0.5,0.3,0.8,1.0,0.3,0.3,0.5,1.0,85.6,117.3,-31.8,0.04,0.25,5.3,0.019,0.058,0.038,0.417,0.436,0.161,90.84,-0.003,kaela davis,Kaela Davis,SEA,76535.0,2024,UFA,350399.0
1627674,Kahleah Copper,PHO,30.0,37,32.3,21.1,7.4,17.0,0.435,1.9,5.9,0.314,4.5,5.6,0.807,0.6,3.9,4.5,2.3,0.8,0.1,3.0,101.8,107.1,-5.2,0.139,0.76,9.2,0.021,0.116,0.071,0.49,0.544,0.311,96.29,0.1,kahleah copper,Kahleah Copper,PHX,248134.0,2025,Core,1217480.0
1629480,Kalani Brown,DAL,28.0,39,13.2,5.7,2.4,4.1,0.582,0.0,0.1,0.0,1.0,1.5,0.661,1.1,1.9,3.1,1.1,0.2,0.6,1.2,96.9,106.6,-9.7,0.136,0.85,15.1,0.082,0.149,0.115,0.582,0.606,0.181,102.03,0.102,kalani brown,Kalani Brown,PHX,128750.0,2025,UFA,567066.0
1642289,Kamilla Cardoso,CHI,24.0,32,27.4,9.8,3.9,7.6,0.521,0.0,0.0,0.0,1.9,2.6,0.726,3.0,4.9,7.9,1.7,0.5,1.4,1.5,98.7,104.6,-5.9,0.1,1.1,14.0,0.103,0.181,0.141,0.521,0.561,0.16,95.04,0.11,kamilla cardoso,Kamilla Cardoso,CHI,78066.0,2025,Rookie,305615.0
1628317,Karlie Samuelson,WAS,30.0,29,24.5,8.4,2.7,6.7,0.409,1.7,4.2,0.398,1.2,1.3,0.923,0.5,2.0,2.6,2.1,0.9,0.0,0.9,98.3,98.3,0.1,0.145,2.48,20.9,0.021,0.084,0.053,0.536,0.578,0.145,96.94,0.093,karlie samuelson,Karlie Samuelson,DAL,118450.0,2025,UFA,524949.0
1642324,Kate Martin,LVA,25.0,34,11.5,2.6,0.8,2.6,0.307,0.6,1.8,0.355,0.3,0.4,0.917,0.2,1.4,1.6,0.9,0.2,0.2,0.6,100.6,100.4,0.2,0.112,1.43,20.8,0.016,0.117,0.068,0.432,0.466,0.124,101.98,0.046,kate martin,Kate Martin,GSV,68595.0,2025,,279758.0
1629478,Katie Lou Samuelson,IND,28.0,37,18.2,4.3,1.4,3.9,0.349,0.9,2.7,0.33,0.6,0.7,0.96,0.5,1.8,2.3,1.4,0.3,0.2,0.5,100.0,105.9,-5.9,0.11,2.83,22.8,0.025,0.099,0.062,0.462,0.506,0.108,99.08,0.056,katie lou samuelson,Katie Lou Samuelson,LAS,130000.0,2023,,526544.0
203825,Kayla McBride,MIN,33.0,39,31.7,15.0,4.5,10.6,0.42,2.7,6.6,0.407,3.4,3.8,0.893,0.4,2.2,2.6,3.2,1.3,0.1,2.0,104.5,92.5,12.0,0.161,1.59,18.7,0.012,0.065,0.04,0.547,0.611,0.197,96.1,0.113,kayla mcbride,Kayla McBride,MIN,205000.0,2025,UFA,872171.0
203866,Kayla Thornton,NYL,32.0,40,20.2,5.5,1.9,5.1,0.379,1.1,3.2,0.357,0.6,0.7,0.846,1.0,1.6,2.6,0.7,0.7,0.2,0.6,101.6,94.5,7.2,0.052,1.17,10.2,0.047,0.079,0.063,0.49,0.515,0.126,97.63,0.058,kayla thornton,Kayla Thornton,GSV,112000.0,2025,,617137.0
1628909,Kelsey Mitchell,IND,29.0,40,32.0,19.2,7.1,15.1,0.468,2.7,6.8,0.402,2.4,2.8,0.832,0.7,1.8,2.5,1.8,0.7,0.2,1.6,105.2,107.3,-2.1,0.096,1.11,9.1,0.021,0.054,0.038,0.559,0.588,0.238,98.22,0.102,kelsey mitchell,Kelsey Mitchell,IND,249244.0,2025,Core,1218090.0
1628276,Kelsey Plum,LVA,30.0,38,34.0,17.8,6.1,14.4,0.423,2.9,7.9,0.368,2.7,3.1,0.866,0.3,2.3,2.6,4.2,0.7,0.0,2.4,106.0,98.6,7.5,0.205,1.71,18.8,0.008,0.066,0.038,0.523,0.563,0.237,98.05,0.09,kelsey plum,Kelsey Plum,LAS,202000.0,2025,Core,1189669.0
1629568,Kennedy Burke,NYL,28.0,38,12.1,3.4,1.4,3.5,0.409,0.4,1.5,0.259,0.2,0.3,0.667,0.4,1.2,1.5,0.9,0.6,0.3,0.7,97.3,91.9,5.5,0.122,1.22,16.7,0.031,0.093,0.063,0.466,0.477,0.154,99.18,0.067,kennedy burke,Kennedy Burke,NYL,78831.0,2025,UFA,360117.0
1628915,Kia Nurse,LAS,29.0,40,20.3,7.6,2.6,6.6,0.388,1.3,4.0,0.331,1.2,1.5,0.793,0.4,1.2,1.6,1.3,0.5,0.0,1.2,94.1,104.0,-9.9,0.116,1.08,13.6,0.021,0.059,0.04,0.489,0.525,0.178,98.37,0.051,kia nurse,Kia Nurse,CHI,145000.0,2025,UFA,633011.0
204329,Kiah Stokes,LVA,32.0,39,18.4,1.4,0.5,1.6,0.323,0.2,1.0,0.225,0.2,0.2,0.667,0.6,4.1,4.7,0.7,0.5,0.8,0.4,101.6,97.6,4.0,0.055,1.87,25.7,0.033,0.217,0.129,0.395,0.417,0.051,97.05,0.065,kiah stokes,Kiah Stokes,LVA,115000.0,2022,UFA,510782.0
1630461,Kiana Williams,SEA,26.0,13,3.5,0.8,0.3,1.2,0.25,0.2,0.7,0.333,0.0,0.0,0.0,0.0,0.2,0.2,0.4,0.0,0.0,0.2,93.4,90.9,2.5,0.179,2.5,21.7,0.0,0.034,0.017,0.344,0.344,0.155,95.41,0.008,kiana williams,Kiana Williams,MIN,62285.0,2023,UFA,289566.0
1631006,Kierstan Bell,LVA,25.0,6,7.2,2.8,1.0,2.7,0.375,0.7,1.3,0.5,0.2,0.3,0.5,0.2,0.8,1.0,0.8,0.0,0.0,0.2,101.2,96.7,4.5,0.179,5.0,21.7,0.024,0.098,0.065,0.5,0.504,0.178,98.07,0.073,kierstan bell,Kierstan Bell,LVA,84543.0,2025,Rookie,324267.0
1628929,Kristy Wallace,IND,29.0,26,17.2,4.7,1.8,4.5,0.402,0.7,2.2,0.293,0.5,0.7,0.667,0.4,1.4,1.8,1.7,0.7,0.2,0.7,99.0,107.6,-8.5,0.151,2.65,24.1,0.025,0.084,0.055,0.474,0.492,0.136,99.42,0.068,kristy wallace,Kristy Wallace,IND,80823.0,2025,Rookie,313601.0
1630438,Kysre Gondrezick,CHI,27.0,5,3.3,1.0,0.4,1.4,0.286,0.2,1.2,0.167,0.0,0.0,0.0,0.2,0.2,0.4,0.4,0.8,0.0,0.6,70.3,71.4,-1.2,0.222,0.67,16.7,0.059,0.05,0.054,0.357,0.357,0.238,106.34,0.072,kysre gondrezick,Kysre Gondrezick,IND,70040.0,2021,Rookie,281939.0
1641656,Laeticia Amihere,ATL,23.0,17,4.9,1.1,0.4,1.5,0.269,0.0,0.0,0.0,0.3,1.0,0.294,0.7,0.9,1.6,0.2,0.1,0.2,0.5,76.2,87.7,-11.6,0.094,0.38,6.7,0.115,0.185,0.146,0.269,0.284,0.198,99.56,0.003,laeticia amihere,Laeticia Amihere,GSV,79999.0,2025,,445168.0
203406,Layshia Clarendon,LAS,34.0,21,15.9,4.3,1.5,3.6,0.427,0.3,1.0,0.35,1.0,1.1,0.87,0.3,1.5,1.8,2.6,0.7,0.0,1.2,96.1,102.2,-6.1,0.261,2.16,32.7,0.017,0.102,0.057,0.473,0.535,0.138,99.34,0.073,layshia clarendon,Layshia Clarendon,NYL,120000.0,2021,,659885.0
1630142,Leonie Fiebich,NYL,25.0,40,20.9,6.7,2.4,5.1,0.478,1.4,3.2,0.433,0.5,0.6,0.72,1.0,2.1,3.0,1.8,1.0,0.2,1.0,107.7,90.7,17.0,0.126,1.71,21.5,0.048,0.094,0.072,0.613,0.624,0.132,96.81,0.082,leonie fiebich,Leonie Fiebich,NYL,68595.0,2025,,279758.0
1628882,Lexie Brown,LAS,30.0,16,23.7,8.1,2.6,8.2,0.321,1.3,4.3,0.304,1.5,1.7,0.889,0.1,2.3,2.3,3.3,1.1,0.1,1.9,94.6,99.2,-4.6,0.245,1.71,23.7,0.003,0.096,0.049,0.401,0.451,0.196,96.78,0.077,lexie brown,Lexie Brown,SEA,96408.0,2025,UFA,433863.0
1631086,Lexie Hull,IND,25.0,34,19.7,5.5,1.8,4.0,0.441,1.0,2.1,0.471,1.0,1.2,0.805,1.0,1.5,2.5,1.1,0.6,0.3,0.9,109.2,106.2,3.1,0.077,1.24,16.3,0.053,0.073,0.064,0.563,0.604,0.12,98.09,0.049,lexie hull,Lexie Hull,IND,88261.0,2025,Rookie,334807.0
1629574,Li Yueru,LAS,26.0,38,14.4,5.1,1.8,3.9,0.463,0.1,0.4,0.267,1.4,1.6,0.898,1.4,2.2,3.7,0.6,0.3,0.2,0.9,95.2,102.9,-7.7,0.073,0.67,9.6,0.099,0.161,0.129,0.476,0.558,0.16,98.33,0.083,li yueru,Li Yueru,DAL,66079.0,2025,,279661.0
1628263,Lindsay Allen,CHI,30.0,40,23.8,6.6,2.6,5.6,0.466,0.4,1.2,0.292,1.1,1.3,0.808,0.3,1.7,2.0,3.9,0.8,0.2,1.6,99.5,100.4,-0.9,0.247,2.45,33.7,0.013,0.069,0.04,0.498,0.537,0.136,96.3,0.088,lindsay allen,Lindsay Allen,CHI,90000.0,2024,UFA,407104.0
1641700,Liz Dixon,PHO,24.0,18,8.9,1.7,0.6,1.6,0.379,0.0,0.0,0.0,0.4,0.6,0.8,0.8,1.5,2.3,0.5,0.1,0.5,0.4,86.7,104.9,-18.2,0.108,1.13,17.6,0.079,0.171,0.122,0.379,0.449,0.108,98.21,0.074,liz dixon,Liz Dixon,MIN,64154.0,2024,UFA,297599.0
1631032,Lorela Cubaj,ATL,26.0,28,7.9,1.2,0.5,1.3,0.429,0.0,0.0,0.0,0.1,0.2,0.6,0.7,0.8,1.5,0.5,0.3,0.1,0.4,88.7,98.7,-10.0,0.124,1.25,23.4,0.077,0.106,0.09,0.429,0.444,0.093,97.2,0.035,lorela cubaj,Lorela Cubaj,ATL,64154.0,2024,UFA,297599.0
1641661,Lou Lopez Sénéchal,DAL,27.0,27,4.6,0.9,0.4,1.3,0.294,0.1,0.6,0.2,0.1,0.1,0.5,0.1,0.3,0.4,0.4,0.1,0.0,0.2,81.0,115.8,-34.8,0.133,1.67,19.2,0.023,0.068,0.044,0.338,0.35,0.134,103.26,0.006,lou lopez senechal,Lou Lopez Sénéchal,DAL,79999.0,2025,Rookie,311222.0
1641652,Maddy Siegrist,DAL,25.0,27,23.8,9.4,3.9,7.8,0.505,0.4,1.4,0.27,1.2,1.6,0.767,1.6,1.7,3.3,1.0,0.4,0.4,0.6,98.8,107.6,-8.8,0.069,1.8,10.0,0.066,0.074,0.07,0.529,0.557,0.158,98.31,0.089,maddy siegrist,Maddy Siegrist,DAL,83371.0,2025,,463372.0
1629497,Marina Mabrey,CON,28.0,40,30.9,14.4,5.4,13.0,0.413,2.5,6.5,0.377,1.2,1.7,0.71,0.6,3.8,4.4,4.1,1.1,0.4,2.4,100.4,96.6,3.9,0.221,1.73,20.4,0.017,0.124,0.069,0.508,0.524,0.219,96.81,0.107,marina mabrey,Marina Mabrey,CON,210000.0,2025,RFA,7037766.0
1642301,Marquesha Davis,NYL,24.0,20,4.0,1.2,0.5,1.1,0.409,0.1,0.1,1.0,0.3,0.4,0.714,0.1,0.4,0.5,0.2,0.1,0.2,0.2,95.1,94.0,1.1,0.093,1.33,12.5,0.031,0.1,0.069,0.432,0.478,0.152,98.45,0.047,marquesha davis,Marquesha Davis,NYL,36178.0,2025,Rookie,172550.0
1630471,Maya Caldwell,ATL,26.0,25,16.2,5.2,2.1,5.0,0.416,0.6,2.0,0.3,0.5,0.6,0.8,0.8,1.0,1.8,1.1,0.6,0.2,0.9,89.7,101.8,-12.1,0.118,1.17,14.8,0.05,0.064,0.057,0.476,0.498,0.164,97.75,0.063,maya caldwell,Maya Caldwell,IND,68000.0,2023,UFA,314076.0
1629484,Megan Gustafson,LVA,28.0,38,10.7,3.7,1.4,2.8,0.5,0.6,1.5,0.386,0.3,0.4,0.765,0.6,1.3,1.9,0.2,0.3,0.1,0.4,107.7,100.5,7.2,0.032,0.64,6.6,0.061,0.124,0.093,0.604,0.621,0.136,100.63,0.063,megan gustafson,Megan Gustafson,LVA,96820.0,2025,UFA,435578.0
1628920,Mercedes Russell,SEA,29.0,37,15.8,3.9,1.7,3.2,0.517,0.0,0.0,0.0,0.6,0.9,0.636,0.7,2.3,3.0,0.8,0.6,0.2,0.7,94.0,90.6,3.4,0.085,1.15,15.9,0.044,0.138,0.092,0.517,0.539,0.117,98.25,0.087,mercedes russell,Mercedes Russell,SEA,160000.0,2024,RFA,3560490.0
1630446,Michaela Onyenwere,CHI,25.0,34,18.7,6.6,2.6,6.2,0.415,0.7,2.0,0.368,0.7,1.2,0.61,0.6,1.3,1.8,1.0,0.6,0.4,1.3,95.8,104.5,-8.7,0.088,0.77,10.8,0.03,0.067,0.048,0.474,0.491,0.187,95.94,0.04,michaela onyenwere,Michaela Onyenwere,CHI,125000.0,2025,RFA,1918097.0
1630114,Mikiah Herbert Harrigan,PHO,26.0,31,10.8,3.2,1.1,2.8,0.407,0.5,1.7,0.321,0.4,0.6,0.55,0.5,1.0,1.5,0.3,0.5,0.4,0.5,91.8,105.7,-13.9,0.051,0.6,7.6,0.044,0.083,0.064,0.506,0.517,0.14,97.74,0.058,mikiah herbert harrigan,Mikiah Herbert Harrigan,SEA,83194.0,2023,,462417.0
1628881,Monique Billings,PHO,29.0,37,22.8,7.4,2.9,6.2,0.465,0.1,0.4,0.214,1.5,1.9,0.803,1.8,4.0,5.8,1.4,0.7,0.5,1.8,95.8,105.9,-10.1,0.105,0.82,13.9,0.075,0.174,0.124,0.472,0.524,0.162,97.91,0.091,monique billings,Monique Billings,ATL,145000.0,2023,UFA,633011.0
1629571,Morgan Bertsch,DAL,28.0,11,9.1,2.0,0.5,2.7,0.2,0.2,1.4,0.133,0.7,0.9,0.8,0.7,0.8,1.5,0.2,0.1,0.1,1.2,76.2,98.1,-22.0,0.041,0.15,4.0,0.073,0.08,0.077,0.233,0.32,0.199,102.67,-0.05,morgan bertsch,Morgan Bertsch,CHI,66079.0,2025,UFA,305855.0
1627669,Moriah Jefferson,CHI,31.0,23,8.0,1.3,0.4,1.8,0.214,0.2,0.8,0.211,0.4,0.4,0.9,0.1,0.3,0.4,1.3,0.3,0.0,0.3,85.5,104.3,-18.8,0.286,3.75,35.3,0.015,0.038,0.025,0.262,0.334,0.129,95.78,0.032,moriah jefferson,Moriah Jefferson,DAL,170953.0,2022,,733340.0
1628899,Myisha Hines-Allen,MIN,30.0,40,18.7,7.8,3.0,6.1,0.492,0.5,1.3,0.36,1.4,1.7,0.833,1.1,3.6,4.7,2.6,0.7,0.1,1.4,97.2,105.5,-8.3,0.245,1.82,23.7,0.056,0.206,0.129,0.529,0.573,0.19,97.45,0.134,myisha hines-allen,Myisha Hines-Allen,DAL,203000.0,2025,UFA,864293.0
1631019,NaLyssa Smith,IND,24.0,40,24.7,10.6,4.2,8.8,0.48,0.4,1.2,0.292,1.8,3.2,0.567,1.8,5.3,7.1,1.0,0.8,1.0,1.3,101.1,110.1,-9.0,0.067,0.79,8.3,0.072,0.206,0.14,0.5,0.52,0.196,98.46,0.098,nalyssa smith,NaLyssa Smith,LVA,91981.0,2025,Rookie,345240.0
1629483,Napheesa Collier,MIN,28.0,34,34.7,20.4,7.9,16.0,0.492,0.9,2.9,0.31,3.7,4.6,0.804,2.2,7.5,9.7,3.4,1.9,1.4,2.1,105.5,92.2,13.2,0.176,1.64,14.4,0.068,0.198,0.138,0.52,0.565,0.258,95.85,0.181,napheesa collier,Napheesa Collier,MIN,214284.0,2025,,963806.0
204333,Natasha Cloud,PHO,33.0,38,33.3,11.5,4.0,10.1,0.397,1.2,3.8,0.308,2.4,2.9,0.826,0.5,3.6,4.1,6.9,1.4,0.6,3.0,100.4,104.2,-3.8,0.343,2.29,32.6,0.014,0.102,0.06,0.454,0.508,0.191,96.69,0.101,natasha cloud,Natasha Cloud,PHX,200000.0,2024,UFA,852464.0
203827,Natasha Howard,DAL,33.0,27,30.5,17.6,6.9,15.2,0.456,0.4,2.0,0.2,3.3,4.6,0.718,2.0,4.8,6.7,2.9,1.3,0.8,2.8,105.5,114.5,-9.0,0.16,1.03,12.6,0.063,0.167,0.112,0.47,0.51,0.271,100.21,0.103,natasha howard,Natasha Howard,DAL,234350.0,2024,Core,1209688.0
1630442,Natasha Mack,PHO,27.0,40,15.5,3.8,1.8,3.1,0.573,0.0,0.1,0.0,0.3,0.5,0.579,1.5,3.5,5.0,1.1,0.7,1.2,0.7,96.8,101.1,-4.3,0.121,1.57,21.6,0.096,0.21,0.154,0.573,0.578,0.112,98.59,0.128,natasha mack,Natasha Mack,CHI,78469.0,2024,Rookie,306787.0
1629567,Natisha Hiedeman,MIN,28.0,40,15.2,4.9,1.8,4.8,0.38,0.6,2.1,0.28,0.6,0.9,0.735,0.4,1.2,1.6,2.4,0.8,0.2,1.1,99.5,100.2,-0.7,0.263,2.16,27.5,0.026,0.076,0.052,0.44,0.469,0.182,96.69,0.077,natisha hiedeman,Natisha Hiedeman,MIN,135000.0,2025,UFA,592499.0
1631044,Naz Hillmon,ATL,25.0,40,21.7,5.7,2.3,4.1,0.552,0.0,0.1,0.333,1.2,1.6,0.762,1.6,3.2,4.8,1.3,0.7,0.3,1.0,99.1,98.4,0.7,0.1,1.37,18.5,0.069,0.157,0.11,0.555,0.6,0.113,95.35,0.106,naz hillmon,Naz Hillmon,ATL,80823.0,2025,Rookie,313601.0
1628269,Nia Coffey,ATL,30.0,40,13.3,3.3,1.2,3.7,0.324,0.5,1.7,0.273,0.4,0.5,0.762,0.5,1.9,2.4,1.2,0.3,0.7,1.0,87.4,99.0,-11.6,0.154,1.15,18.9,0.034,0.131,0.084,0.385,0.413,0.159,98.23,0.057,nia coffey,Nia Coffey,ATL,150000.0,2025,UFA,653189.0
1642299,Nika Mühl,SEA,24.0,16,3.6,0.1,0.1,0.9,0.071,0.0,0.7,0.0,0.0,0.0,0.0,0.4,0.3,0.6,0.4,0.1,0.0,0.3,83.2,105.0,-21.8,0.189,1.75,28.0,0.076,0.063,0.07,0.071,0.071,0.122,100.32,-0.046,nika muhl,Nika Muhl,SEA,68595.0,2025,,279758.0
203014,Nneka Ogwumike,SEA,34.0,37,31.8,16.7,6.8,13.3,0.511,0.8,2.0,0.405,2.3,2.6,0.876,1.9,5.7,7.6,2.3,1.9,0.5,1.3,104.9,95.8,9.1,0.124,1.76,12.9,0.058,0.179,0.118,0.542,0.578,0.214,97.4,0.154,nneka ogwumike,Nneka Ogwumike,SEA,204500.0,2024,UFA,870202.0
1631055,Nyara Sabally,NYL,25.0,26,13.5,4.9,1.9,3.3,0.575,0.0,0.1,0.0,1.1,1.5,0.7,1.3,2.7,4.0,0.6,0.9,0.7,0.5,101.9,90.2,11.7,0.07,1.15,11.5,0.093,0.204,0.147,0.575,0.612,0.138,99.33,0.147,nyara sabally,Nyara Sabally,NYL,79999.0,2025,,445168.0
203824,Odyssey Sims,LAS,32.0,24,29.2,12.6,4.9,10.1,0.483,0.8,2.4,0.345,2.0,2.6,0.762,0.7,1.4,2.1,5.3,1.2,0.2,2.2,101.3,108.4,-7.2,0.295,2.44,28.4,0.025,0.053,0.038,0.525,0.56,0.195,98.47,0.106,odyssey sims,Odyssey Sims,IND,111520.0,2021,,614569.0
1631135,Olivia Nelson-Ododa,CON,24.0,37,11.8,3.4,1.3,2.7,0.495,0.0,0.0,0.0,0.7,1.1,0.659,0.8,1.7,2.5,0.2,0.4,0.6,0.8,97.3,93.6,3.7,0.033,0.28,5.2,0.074,0.148,0.112,0.495,0.534,0.146,94.93,0.063,olivia nelson-ododa,Olivia Nelson-Ododa,CON,80823.0,2025,Rookie,313601.0
1630151,Olivia Époupa,MIN,31.0,17,6.7,0.8,0.4,0.9,0.375,0.0,0.0,0.0,0.1,0.1,1.0,0.4,0.8,1.1,1.5,0.8,0.0,0.9,94.1,86.6,7.5,0.338,1.73,44.8,0.054,0.131,0.09,0.375,0.415,0.119,98.45,0.099,olivia epoupa,Olivia Époupa,WAS,64154.0,2024,Rookie,264132.0
1631031,Queen Egbo,LVA,25.0,8,3.6,1.5,0.6,1.5,0.417,0.0,0.0,0.0,0.3,0.3,1.0,0.4,0.9,1.3,0.0,0.4,0.1,0.0,82.8,82.8,0.0,0.0,0.0,0.0,0.081,0.189,0.135,0.417,0.466,0.178,95.78,0.184,queen egbo,Queen Egbo,LVA,78831.0,2025,UFA,360117.0
1627671,Rachel Banham,CHI,31.0,37,15.8,5.7,1.9,5.5,0.351,1.4,3.8,0.366,0.4,0.5,0.8,0.2,1.2,1.4,1.1,0.4,0.2,0.5,96.6,102.5,-5.9,0.117,2.0,14.9,0.011,0.081,0.045,0.48,0.498,0.167,95.31,0.057,rachel banham,Rachel Banham,CHI,95000.0,2025,UFA,427995.0
1630996,Rae Burrell,LAS,25.0,37,15.7,5.9,1.6,4.4,0.362,0.6,1.9,0.333,2.1,2.7,0.78,0.6,1.3,1.8,1.1,0.8,0.3,1.0,98.6,104.6,-6.0,0.12,1.14,14.6,0.036,0.086,0.06,0.436,0.531,0.18,98.87,0.068,rae burrell,Rae Burrell,LAS,125000.0,2025,UFA,551762.0
204296,Rebecca Allen,PHO,32.0,18,24.9,7.4,2.9,7.0,0.421,1.4,3.9,0.357,0.1,0.2,0.667,0.7,3.2,3.9,1.1,0.9,0.7,1.0,104.6,105.5,-1.0,0.065,1.11,12.1,0.031,0.126,0.081,0.52,0.522,0.142,98.77,0.068,rebecca allen,Rebecca Allen,CHI,160000.0,2025,UFA,693395.0
1631009,Rhyne Howard,ATL,25.0,30,33.9,17.3,5.6,15.0,0.371,2.7,8.1,0.329,3.5,4.5,0.784,0.8,3.5,4.4,3.1,1.8,0.6,1.7,99.8,98.3,1.5,0.174,1.84,14.3,0.023,0.106,0.063,0.46,0.51,0.242,94.2,0.116,rhyne howard,Rhyne Howard,ATL,91981.0,2025,Rookie,345240.0
1642288,Rickea Jackson,LAS,24.0,40,28.8,13.4,5.0,11.0,0.456,1.1,3.1,0.347,2.3,2.9,0.807,1.3,2.6,3.9,1.5,0.7,0.4,1.9,94.4,104.8,-10.3,0.098,0.78,9.5,0.043,0.094,0.068,0.505,0.547,0.211,97.5,0.09,rickea jackson,Rickea Jackson,LAS,78066.0,2025,Rookie,305615.0
1629477,Sabrina Ionescu,NYL,27.0,38,32.1,18.2,6.3,15.9,0.394,2.8,8.4,0.333,2.8,3.1,0.898,0.7,3.7,4.4,6.2,1.0,0.3,2.7,108.5,96.6,11.8,0.327,2.26,23.7,0.023,0.113,0.069,0.483,0.525,0.268,96.89,0.134,sabrina ionescu,Sabrina Ionescu,NYL,208060.0,2025,,930046.0
1628244,Sami Whitcomb,SEA,36.0,40,15.3,5.0,1.8,5.2,0.346,1.2,4.0,0.292,0.2,0.3,0.818,0.4,1.5,1.9,1.6,0.8,0.2,1.0,98.4,95.3,3.1,0.165,1.6,20.3,0.023,0.098,0.059,0.459,0.47,0.173,100.28,0.061,sami whitcomb,Sami Whitcomb,NYL,150350.0,2022,RFA,3046587.0
1630149,Satou Sabally,DAL,27.0,15,34.2,17.9,5.9,13.9,0.426,2.5,5.6,0.452,3.5,4.5,0.779,1.2,5.2,6.4,5.0,1.3,0.5,2.5,109.2,113.7,-4.5,0.221,2.03,21.6,0.033,0.156,0.092,0.517,0.563,0.218,100.34,0.115,satou sabally,Satou Sabally,PHX,215000.0,2025,Core,1198034.0
1642244,Sevgi Uzun,DAL,27.0,40,20.5,4.4,1.7,5.0,0.342,0.5,2.1,0.238,0.5,0.6,0.826,0.2,1.4,1.6,3.0,0.9,0.3,1.8,99.9,106.4,-6.5,0.208,1.63,29.8,0.011,0.068,0.039,0.392,0.418,0.141,98.85,0.044,sevgi uzun,Sevgi Uzun,DAL,64154.0,2024,Rookie,264132.0
1631022,Shakira Austin,WAS,24.0,12,19.8,11.8,4.3,10.1,0.43,0.1,0.3,0.25,3.0,4.5,0.667,1.8,5.1,6.8,0.9,1.3,0.9,2.4,91.6,91.1,0.6,0.091,0.38,6.0,0.088,0.249,0.169,0.434,0.487,0.304,101.49,0.138,shakira austin,Shakira Austin,WAS,91981.0,2025,Rookie,345240.0
1628278,Shatori Walker-Kimbrough,WAS,30.0,40,22.1,7.5,2.6,6.3,0.415,0.9,2.7,0.33,1.4,1.7,0.806,0.3,1.4,1.7,1.9,1.1,0.5,1.4,96.7,100.4,-3.6,0.141,1.39,18.3,0.015,0.064,0.04,0.484,0.529,0.163,98.62,0.081,shatori walker-kimbrough,Shatori Walker-Kimbrough,ATL,150000.0,2025,UFA,653189.0
1631021,Sika Koné,WAS,22.0,27,8.0,4.0,1.3,3.1,0.429,0.1,0.3,0.571,1.1,1.3,0.861,0.5,1.5,2.0,0.4,0.2,0.1,0.5,100.5,94.0,6.5,0.103,0.86,9.6,0.072,0.186,0.133,0.452,0.536,0.229,95.11,0.12,sika kone,Sika Koné,WAS,66710.0,2025,,279686.0
203400,Skylar Diggins,SEA,34.0,40,31.6,15.1,5.5,12.8,0.427,1.0,3.4,0.291,3.3,3.8,0.867,0.7,1.9,2.6,6.4,1.7,0.9,2.8,102.4,94.2,8.2,0.332,2.34,27.4,0.022,0.06,0.041,0.466,0.525,0.233,97.55,0.118,skylar diggins,Skylar Diggins,PHX,234350.0,2023,,1074029.0
1629482,Sophie Cunningham,PHO,28.0,40,27.7,8.4,2.6,6.0,0.429,1.7,4.5,0.378,1.5,1.7,0.87,0.4,3.5,3.9,2.0,1.0,0.3,1.0,101.6,103.0,-1.4,0.114,2.08,20.5,0.015,0.12,0.07,0.571,0.618,0.123,96.59,0.087,sophie cunningham,Sophie Cunningham,PHX,154500.0,2024,RFA,3261700.0
203828,Stefanie Dolson,WAS,33.0,39,26.0,9.5,3.4,7.2,0.475,1.8,4.0,0.465,0.8,1.1,0.786,0.8,4.1,4.9,2.6,0.5,0.5,1.7,96.3,100.6,-4.3,0.171,1.5,21.8,0.034,0.161,0.098,0.604,0.621,0.158,97.5,0.103,stefanie dolson,Stefanie Dolson,CHI,175000.0,2021,,754392.0
1641654,Stephanie Soares,DAL,25.0,22,8.0,1.1,0.5,1.5,0.294,0.1,0.5,0.167,0.1,0.1,1.0,0.8,1.3,2.1,0.5,0.1,0.4,0.5,89.9,103.0,-13.1,0.085,0.83,17.5,0.102,0.16,0.132,0.324,0.344,0.11,100.41,0.042,stephanie soares,Stephanie Soares,DAL,76535.0,2024,,426444.0
203855,Stephanie Talbot,LAS,31.0,37,16.2,3.5,1.3,3.4,0.395,0.4,1.4,0.26,0.5,0.8,0.69,0.6,2.2,2.7,2.1,0.5,0.5,1.0,101.2,105.1,-3.8,0.192,2.05,30.4,0.035,0.148,0.089,0.448,0.479,0.126,97.85,0.071,stephanie talbot,Stephanie Talbot,GSV,125000.0,2025,UFA,551762.0
1630134,Sug Sutton,WAS,26.0,29,13.1,2.3,0.8,2.7,0.308,0.3,1.4,0.25,0.3,0.4,0.692,0.2,0.8,1.0,2.1,0.6,0.0,1.2,99.1,105.0,-6.0,0.252,1.82,34.4,0.016,0.059,0.037,0.372,0.4,0.133,97.74,0.041,sug sutton,Sug Sutton,WAS,78831.0,2025,Reserved,315448.0
202641,Sydney Colson,LVA,35.0,31,8.0,2.5,0.9,2.1,0.422,0.5,1.2,0.378,0.3,0.3,0.889,0.0,0.4,0.5,1.0,0.5,0.2,0.5,108.3,99.0,9.3,0.189,2.14,26.8,0.004,0.057,0.03,0.531,0.559,0.144,97.91,0.069,sydney colson,Sydney Colson,IND,90000.0,2025,UFA,407104.0
1641667,Taylor Soule,MIN,25.0,2,1.5,0.0,0.0,0.0,0.0,0.0,0.0,0.0,0.0,0.0,0.0,0.0,0.5,0.5,0.0,0.0,0.0,0.5,0.0,166.7,-166.7,0.0,0.0,0.0,0.0,0.5,0.333,0.0,0.0,0.167,94.48,0.0,taylor soule,Taylor Soule,MIN,66710.0,2025,,279686.0
1629479,Teaira McCowan,DAL,28.0,39,25.2,11.7,4.7,8.3,0.57,0.0,0.1,0.25,2.3,3.2,0.718,2.9,5.2,8.1,1.6,0.9,0.9,2.0,102.5,109.9,-7.4,0.101,0.79,11.8,0.111,0.212,0.16,0.571,0.607,0.193,97.74,0.126,teaira mccowan,Teaira McCowan,DAL,201400.0,2025,RFA,6337693.0
1627701,Temi Fágbénlé,IND,32.0,22,18.9,6.4,2.6,5.2,0.509,0.1,0.5,0.167,1.0,1.3,0.786,1.4,3.3,4.7,0.9,0.5,0.7,1.2,103.4,102.0,1.4,0.077,0.74,11.6,0.077,0.171,0.125,0.518,0.554,0.155,99.83,0.078,temi fagbenle,Temi Fagbenle,GSV,90000.0,2025,Reserved,343967.0
203026,Tiffany Hayes,LVA,35.0,33,21.4,9.5,3.3,6.7,0.5,1.0,2.5,0.402,1.8,2.5,0.714,0.8,2.0,2.8,2.1,0.8,0.3,0.8,105.3,98.6,6.7,0.161,2.46,19.4,0.039,0.092,0.066,0.575,0.609,0.178,98.78,0.104,tiffany hayes,Tiffany Hayes,ATL,215000.0,2022,UFA,911479.0
1627676,Tiffany Mitchell,CON,30.0,24,16.3,4.9,1.6,4.5,0.349,0.3,1.0,0.25,1.5,1.9,0.783,0.5,1.1,1.5,0.8,0.5,0.0,0.6,98.0,89.7,8.4,0.081,1.27,11.6,0.03,0.066,0.049,0.376,0.457,0.167,93.58,0.052,tiffany mitchell,Tiffany Mitchell,IND,148400.0,2022,,617987.0
202250,Tina Charles,ATL,36.0,39,29.7,14.9,6.2,13.7,0.456,0.3,1.1,0.262,2.2,2.7,0.785,2.5,7.1,9.6,2.3,0.9,0.5,1.6,99.3,98.0,1.3,0.152,1.46,12.2,0.08,0.24,0.159,0.466,0.501,0.241,94.56,0.155,tina charles,Tina Charles,WAS,175000.0,2021,UFA,753358.0
1630112,Tyasha Harris,CON,27.0,39,28.8,10.5,3.7,8.7,0.425,1.5,3.9,0.395,1.5,2.0,0.766,0.3,1.5,1.8,3.0,1.0,0.3,1.4,102.1,93.7,8.4,0.174,2.19,21.7,0.009,0.057,0.032,0.513,0.546,0.169,93.8,0.086,tyasha harris,Tyasha Harris,DAL,100013.0,2025,,552915.0
1631007,Veronica Burton,CON,24.0,31,12.7,3.1,0.8,2.3,0.361,0.4,1.2,0.351,1.0,1.2,0.838,0.4,1.0,1.4,1.9,0.5,0.2,0.5,103.7,90.6,13.1,0.22,3.87,35.6,0.036,0.081,0.059,0.451,0.544,0.118,95.3,0.091,veronica burton,Veronica Burton,DAL,88261.0,2025,Rookie,334807.0
1641687,Victaria Saxton,IND,25.0,9,2.5,0.9,0.3,1.0,0.333,0.1,0.4,0.25,0.1,0.2,0.5,0.0,0.3,0.3,0.0,0.0,0.0,0.1,82.6,97.9,-15.3,0.0,0.0,0.0,0.0,0.12,0.065,0.389,0.405,0.22,99.31,-0.016,victaria saxton,Victaria Saxton,IND,66710.0,2025,,279686.0
1628927,Victoria Vivians,SEA,30.0,35,12.7,3.1,1.2,3.5,0.333,0.6,2.0,0.319,0.2,0.3,0.667,0.5,1.4,2.0,0.8,0.4,0.2,0.6,99.2,93.6,5.7,0.095,1.45,16.5,0.038,0.115,0.074,0.423,0.433,0.137,99.46,0.046,victoria vivians,Victoria Vivians,IND,85000.0,2024,RFA,729765.0
1641660,Zia Cooke,LAS,24.0,29,8.9,3.6,1.2,3.9,0.321,0.4,1.3,0.297,0.7,1.0,0.69,0.1,0.5,0.6,0.6,0.3,0.1,0.7,93.0,104.2,-11.1,0.122,0.81,10.4,0.011,0.063,0.036,0.371,0.413,0.24,98.88,0.022,zia cooke,Zia Cooke,LAS,76630.0,2025,,426958.0
